sequence,target,label_offtarget
CTGAAACATAAGGATAGAATAGATATCGTA,CTGAAACATAAGGATAGAATAGATATCGTA,0
TATCAAATGGCGGCCTTTACGCGCAAGTCT,TATCAAATGGCGGCCTTTACGCGCAAGTCT,0
GAACCCGGAACGAACGCGCAGCTAGATCTT,GATCCCGGAACGAATGCGCAGCTAGATCTT,1
CTGCGCGTTATTTTAGTCCATGCCTAGGGG,CAGCGCGTTATTTTAGTCCACGCCTAGGGG,1
ATGTACAAATACAATGTCCCGAAGGGGCAT,ATGTACAAATACAATCTCCCGAATGGGCAT,1
TATCTACACCTCTCTTTGTTGCAACGCTCG,TATCTACACCTCTCTTTGTTGCAACGCTCG,0
CCATATGTCTGAGCAAGTGTGCAGGGATTT,CCATGTGTCTGAGCAAGTGTGCAGGCATTT,1
GCTTAAATGTTACTCTCCGTACGGTTAGTA,GCTTAAATGTTACTCTCCGTACGGTTAGTA,0
TTTGAACGAATTCAAGAAGCTCGGTCTGTG,TTTGAACGAAATCAAGAAGCTAGGTCTGTG,1
GATCATCTCTGTAGGTTTGGCGTCCACACG,GATCATCTCTGTCGGTTTGGCGTCCACACG,1
CAATAACCATCTGCGTGCACATGACAACAT,CAATAACCATCTGCATGCACATGACAACAT,1
CGCTATATCATTCCTCGTCCACAAATGTGA,CGCTATATCATTCCTCGTCCACAAATGTGA,0
GGGCTTCTTGCATAACGTAAGCTCAGTTCG,GGGCTTCTTGAATAACGTAAGCTCAGTTCG,1
ACTCTACGAGCTTAACATGAGACCTATGCG,AGTCTACGAGCTTAACATGAGACCTATGCG,1
GTATAAATCAGGAATGCAGAAAGCACTTTG,GTCTAAATCAGGAATGCAGAAAGCACTTTC,1
CATATCCCTAGAGCATGCCGGGATCAGACG,CATATCACCAGAGCATGCCGGGATCAGACG,1
AATCCTCACTGGGATAGGGCTGCGCACACC,AATCCTCACTGGGATAGGGCTGCGCACACC,0
ATACCCAGGACGCACAACTTCGCTCGAGTA,ATACCCAGGACGCAGAACTTCGCTAGAGTA,1
CGATTGGCCCCCGTCGGATTATGTGCGGTT,CGATTGGCCCGCGTCGGATTATGTGCGGTT,1
ACTCCTAGGGTGCCAGCCTTACTGGGGCAT,TCTCCTAGGGTGCCAGCCCTACTGGGGCAT,1
GGGTATTTAGAAATTACTCGAAACTGCTAA,GGGTATTTAGAAATTACTCGAAACTGCTAA,0
GCCTGTTAGCAATGGACTGCTGACGCGTAC,GCCTGTTAGCAATGGACTGCTGACGCGTAC,0
ATGTCTTGTCCAGTTGGATGATATGAATGG,ATGTCTTGTCCAGTTGGATGATATGAATGG,0
CAATCTTGACGCCGTAAACACGATGCCGAA,CAATCTTGACGCCGTAAACACGATGCCGAA,0
TCGTCCGAGTGAGAGAACTACCCCACCCCA,TCGTCCGAGTGAGAGAACTACCCCACCCCA,0
AATAGGGCGGTGTACTTCCGCATGTTGAAG,AATAGGGCGGTGTACTTCCGCATGTTGAAG,0
CTGAACATAGGGTTTGGTACCCCCCCTGTT,CTGAACATACGGTTTGGTACCCCCCCTGTT,1
TCAGCTTAGAAAGTGCACTAATTACTGCAA,TCAGCTTAGAAAGTGCACTAATTACTGCAA,0
CTACCTATCATACGCTCATAGGAGAGTATG,CTACCTATCATACGCTCATAGGAGAGTATG,0
GCCGACCGGACTGGTAGTGAAGCGTTAATG,GCCGAACGGACTGGTAGTGAAGCCTTAATG,1
CCTTAAGGTCTAGCAGATTGTGTTAGTGCA,CGTTAAGGTCTAGCAGATTGTGTTAGTGCA,1
ACAGGCGCTGGCGGTAAGGTGGTGGAATCG,ACAGGCGCTGGCGGTAGGGTGATGGAATCG,1
ATACAAGTAAATTGCTTACCTCCGTCGTCT,ATACAAATAAATTGCTTACCTCCGTCGTCT,1
GTCCGTCAACGACGCCGCTCCAGTTACCCC,GTCCGTCAACGACGCCGCTCCAGTTACCCC,0
ATTCGGCATGTAAAACCACTGCTTCGTTAT,ATTCGGCATGTAAAACCACTGCTTCGTTAT,0
GAATCGCAACGGTTAAAAGTTTAAATTGTG,GAATCGCAACGGTTAAAAGTTTAAATTGTG,0
TCACAGAGGGAGTTACTAACCACGCCTAAT,TCACAGAGGGAGTTACTAACCACGCCGAAT,1
TTCTGCTGGGAAGTCTGATTAAAATCTAAA,TTCTGCTGGGAAGTCTGATTAATATCTAAA,1
AACTAGATTTAAAACGATATCCCGCACCCA,AACTAGATTTAAAACGATATCCCGCACCCA,0
CCGCAGAGACGATACTGATCAACGAGTGCC,CCGCAGAGACGATACTGATCAACGAGTGCC,0
TCTTGTAAGACCAGGAGACTCCGTGTGTAC,TCTTGTAAGACCAGGAGACTCCGTGTGTAC,0
TGCTGGCTTCGTTCCTTTCCTTCTCATATG,TGCTGGCTTCGTTCCTTTCCTTCTCCTATG,1
CGCTAACTGGAAGGTCGATCGATGGTTTAG,CGCCAACTGGAAGGTCGATCCATGGTTTAG,1
TGTCGGGAGTCAGGAACTTTCAGTGACCGG,TGTCGGGAGTCACGAACTTTCAGTGACCGG,1
ACACCGGAAAGGCCATCGTGGTTTATGTTC,ACACCGGAAAGGCCATCGTGGTTTATGTTC,0
GGCTGCTCGCGTGACCTCCGGGACTCGAAC,GGCTGCTCGCGTGACCTCCGGGACTCGAAC,0
TCAATACCATTTGCTTGTACTGTAGAACGT,TCAATACCATTTGCTTGTACTGTAGAACGT,0
GGAGGTGTGTATCGGCGCGGATCAAACAGG,GGAGGTGTGTATCGGCGCGGATCAAACAGG,0
TATGTCACCGTCGCGCACCCGGCCCTGACT,TATGGCACCGTCGCGCACCCAGCCCTGACT,1
AGGAGCAAATGAGTATAGTATAGAACTCCC,AGGAGCAAATAAGTATAGTATAGAACTCCC,1
GAGAAGGGAAGTGGAAGTTAGAAAATATGA,GAGAAGGGAAGTGGGAGTTAGAAAATATGA,1
TACTACGGCAAAAAAGCCTGACCGGTTACT,TACTACGGCAAAAAAGCCTGACCGGTTACT,0
GGGGCCCCACATCGTGGGTGCACCCGTACT,GGGGCCCCACATCGTGGGTGCACCCGTACT,0
TCGCAGGTTCAGGTCAGGACATGCCGTTTT,TCGCAGGTTCACGTCAGGCCATGCCGTTTT,1
GTTAGCACGATCACCAAATGTCCGAGTCAC,GTTAGCACGATCTCCAAATGTCCGAGTCAC,1
AAACGGAGAACCTAGTGTCTTTACCAAACG,AAACGGAGAAACTAGTGTCTTTACCAAACG,1
TCGAGCCCGACGGTGTTAGTATTACTGAGA,TCGAGCCCGACGGTGTTAGTATTACTGAGA,0
GCCTGACTCTATGTGTCGGTTACCCTCGAC,GCCAGACTCTATGTGTAGGTTACCCTCGAC,1
TGCACTCGCTTAGCGTACTAGCTGACTCGA,TGCACTCGCTTAGCGTACTAGCTGACTCGA,0
TCTTTTTTAAGCTTTTCTAAGACCCGAAGG,TCTTTTTAAAGCTTTTCTCAGACCCGAAGG,1
ATCACGAACTCGACAGGATATATTTACCAA,ATCACGAAATCGACAGGATATATTTACCAA,1
GTGACATACAGGCAAAGTTTTGGTAGGAGA,GTGACATACAGGCAAAGTTTTGGTAGGAGA,0
CGTCGCGACTCTGACATACGTATTGGGAAA,CGTCGCGACTCTGACATACGTATTGGGAAA,0
CCAACAAGTACACCTAACAGTGATCGCCTA,CCAACAAGTACACCTAACAGTGATCGCCTA,0
CGTGTCGCGGCATCTTGGACTTCCGCCTCA,CGTGTCGCGGCATCTTGGACTTCCGCCTCA,0
TACGAGGCATTGCCTTCAGCTGAAGAGGTG,TACGAGGCATTGCCTTCAGCTGAAGAGGTG,0
CAGGGCCCCGGCAGGGCTCTGGTACCTCTG,CAGGGCCCCGGCAGGGCTCTGGTACCTCTG,0
AAACGCCGGGGCACGAATAGCGTTGGGGCA,AAACGCCGGGGAACGAATAGCGTTGGTGCA,1
TACCGTCTTGTAACAGAACACGAAATTGCT,TACCGTCTTGTAACAGAACACGAAATTGCT,0
GATTAAAATGGGAACTTCCTACAACTGGAA,GATTAAAATGGGAAATTCATACAACTGGAA,1
TTTATTCAGCGCGATGTGCGGATATTCGTA,TTTATTCAGCGCGATGTGCGGATATTCGTA,0
CGCACGCGAAGCTGTGCCTGACACTTTATC,CGCACGCGAAGCTGTGCCTGACACTTTATC,0
TGGTTCCTGGTCGTTGTCGCTGTTAACGAT,TGGTTCCTGGTCGTTGTCGCTGTTAACGAT,1
TCTAACCTACATCTGCCGGTCTACCGAGTG,TCTAATCTACATCTGCCGGTCTACCGAGTG,1
ACTAGATGTCTGACTTGCGCAACAATAACT,ACTAGATGTCTGACTTGCGCAACAATAACT,0
CAGGTCACGGCGATGTGTACTTTCTATCCG,CAGGACACGGCGATGTGTACTGTCTATCCG,1
GGTTAGTCCTTTCAGTTGGTACACGTAACC,GGTTATTCCTTTCAATTGGTACACGTAACC,1
GGCCTAAAGGACCAGGGTCACACCTATAAG,GGCCTAAAGGACCAGGGTCACACCTATAAG,0
CCTTACCGTCCTCTCCTAAAGATGGGTCAT,CCTTACCGTCCTCTCCTAAAGATGGGTCAT,0
TTGGAAGGTTCAAGTCAAGCAGATTGCAGC,TTGGAAGGTTCAAGTCAAGCAGATTGCAGC,0
GACGGTGAACCGCGTCCATTGATCGCTGGC,GACGGTGAACCGCGTCCATTGATCGCTGAC,1
ATCATCGTGTAAGAGTAAGGTTGATCAGTA,ATCATCGTGTAAGAGTAAGGTTCATCAGTA,1
TGCATGATACTCCACATCCGACACCAATCC,GGCATGATACTCCAAATCCGACACCAATCC,1
AGAACTTCGTCCGAACTGGAAATGGTGGTA,AGAACTTCGACCGAACTGGAAATGGTGGTA,1
ATTCGCGGCCACGCTATGATTCGCACCTAA,ATTCGCGGCCACGCTATGATTCGCACCTAA,0
GACCTTACCCTCGCACCGCTTCTTTAGGGG,GACCTTACCCTCGCACCGCTTCTTTAGGGG,0
CTATCCCCATATCCGCGAGCTCCATCTATA,CTATCCCCATATCCGCGAGCTCCATCTAGA,1
CATTATAAACTATCACATCCAGGCTAGAAC,CATTATAAACTATCACATCCAGGCTAGAAC,0
GCGAACCAGCTAATTTACCGCTCTCGACGC,CCGACCCAGCTAATTTACCGCTCTCGACGC,1
GACTTGAATAATTCCTTTACTGGTCGGTCA,GAGTTGAATAATTCCTTTACTGGTCGGTCA,1
GCATGGGTACACGTTCTCGCCGTTGCTCCA,GCATGTGTACACGTTCTCGCCGTTGCTACA,1
GTATCAGTGTCAATATCTCATGGAGCGCAT,GAATCAGTGTCAATATCTCATGGAGCGCAT,1
TGAAACAAAGTGATTTACGACTTACTACCA,TGAAACAAAGTGATTTACGACTTACTACCA,0
TAGCCACAGCCGCGGCGGTGGGTATCGTTA,TAGCCACAGCCGCGGCGGTGGGTATCGTTG,1
AGCGCGAGGCGTGCAGCCATCCGCGTTACT,AGCGCGAGGCGTGCAGCCATCCGCGTTACT,0
CTTTGTACGCGAGTCGACCCGACGCGAGGT,CTTTGTACGCGAGTCGACCCGACGCGAGGT,0
TATCGTCCGCATACATCCCCTCGAGATTGC,TATCGTCCGCATACATCCCCTCGAGATTGC,0
CAGGCACGGCCTGTTCATCAAGGGGGAAGG,CAGGCACGGCCTGTTCATCAAGGGGGAAGG,0
GGGTAGGGTATTGACCGGAATAAAGATGAT,GGGTAGGGTATTGACCGGAATAAAGATGAT,0
GAGTGATCCTATCCACGCCGGACCTGGCCT,GAGTGATCCTATCCACGGCGGACCTGGCCT,1
CGGTCCTGACAAGCACTGCTTGGGTTATGA,CGGTCCTGACAAGCACTGCTTGGGTTGTGA,1
GTATGTCTTTTAGATAAGTCGGTATATGCT,GTATGTCTTTTAGATAAGTCGGTATATGCT,0
CTCCCTTTGACGTCTATGTTGCGAACATAC,CTCCCTTTGACGTCTATGTTGCGACCATAC,1
ATGCCATTGCTCAAACTTCATCCGGTCCTA,ATGCCATTGCTCAAACTTCATCCGGTCCTA,0
CAGAATGGAAAAGTGCACTCTACAGCTCAA,CAGAATGGAAAAGTGCACTCTACAGCTCAA,0
ATGCACGTTACCTCGTTTTAAAAGTTATTC,ATGCACGTTACCTCGTTTTAAAAGTTATTC,0
GGACAATTTATACAATTCCAGTACGGAATT,GGACAATTTATACAATTCCAGTACGGAATT,0
TTCTTTTCAAGAGCAATACGACTGGTCCAG,TTCTTTTCAAGAGCAATACGACTGGTCCAG,0
TGGCAACTTTGTGAGGCGGATCGCACGAAG,TGGCAACTTTCTGAAGCGGATCGCACGAAG,1
TACGGACCACTGGTATAGTGCCTCTTCGCG,TACGGACCACTGGTATAGTGCCTCTTCACG,1
GAATATGCCAGTCGACGCCCCGAGGCAAAG,GAATATGCCAGTCGACGCCCCGACGCAAAG,1
GACGTACTTAGTCTCAGGAGGCCCTGACTT,GACGTACTTAGTCTCAGGAGGCCCTGACTT,0
ATCTCACGCTCCGTCGGACCGCGGCATGGT,ATCTCACGCTCCGTCGGACCGCGGCATGGT,0
CATCGGACGCGCACGAACCCCTAAGACTTA,CATCGGACGCGCACGAACCCCTAAGACTTA,0
GCGGGCCTTGCTTCAGAATGGTCTTTTACA,GCGGGCCTTGCTTCAGAATGGTCTTTTACA,0
GCTGCACTTCACACAAACTAGTGCAGAAGA,GCTGCACTTCGCACAAACTATTGCAGAAGA,1
TTTCATTACGCACAAGGGTACCCAGTGGGT,TTTTATTACGCACAAGGGTACCCAGTGGGT,1
TCTAAGTTCTCAAACTGACCTCCCAATCGA,TCTAAGTTCTCAAACTGACCTCCCAATCGA,0
GACATCGGACCGTACGTCCATCGGTGTTAA,AACATCGGACCGTACGTCCATCGGTGATAA,1
GATACCGGTATTCGAATTGGGAAGTGTGGT,GAGACCGGTATTCGAATTGTGAAGTGTGGT,1
TTAGTATATAAGAGTTAGCATGAGAATTTC,TTTGTATATAAGAGTTAGCATGAGAATTTA,1
AAACGGATATGTATGAACAATAACCCCCTG,AAACGGATATGTATGAACAATAACCCCCTG,0
CTAAAAATGGGTAAAATGATCGCTCCCACG,CTAAAGATGGGTAAAATGATTGCTCCCACG,1
CCTAGACTCCATCATAACGCCAAGTTATGA,CCTAGACTCCATCATAACGCCAAGTTATGA,0
TCACGATGTCGTCCAATCTAAGCAAAAACA,TCACGATGTCGTCCAATCTAAGCCAAAACA,1
CGTACCGGTGAGCCTAGTATCCCATAATCC,CGTACCGGTGAGCCTTGTATCCCATAATCC,1
AGCATAACACTCCTTCCCCTATTCGATTTG,AGCATAACACTCCTTCCCCTATTCGATTTG,0
TGCAAAGCTCAGGGAAGGAGAGGTTGGAAT,TGCAAAGTTCAGGGCAGGAGAGGTTGGAAT,1
AATGTGAAGATTCTAAGCGGTAGCATCCAA,AATGTGAAGATTCTAAGCGGTAGCATCCAA,0
GGCTAAGATGTCTGCACTTAGAGTACGTTC,GGCTAAGATGTCTGCACTTAGAGTACGTTC,0
TAGATACGTAGCGTTTGTCGCTCAGTCGAC,TAGATACGTAGCGTTTGTCGCTCAGTCGAC,0
TATCGGGTCTACGTTTCATTGTAGGCTTCG,CATCGGGTCTACGTTTCATTGTAGGCTTCA,1
ACTTGAGCAGTGCTGACGTCTGCCAAGTCA,ACTTGAGCAGTGCTGACGTCACCCAAGTCA,1
GCTGATGGTTCCGGCTTTCAATGGAGGCCC,GCTGATGGTTCCGGCTTTCAATGGAGGCCC,0
GCTGATGCACTTTCCCTAGATAGCAAATAT,GCTGACGCACTTTCCCTAGATAGCAAATAT,1
TAAAAATTGCACCCGGCCAACTCAAACTCC,TAAAAATTGCACCCGGCCAACTCAAACTCC,0
TTATGGCATCAGAATTGGTAGGTATTAGTC,TTATGGCATCAGAATTGGTAGGTATTAGTC,0
CAATATCTGTTTCCTTATGCCGCCACACAC,CAATATCTGTTTCCTTATGCCGCCACACAC,0
TTTGATCACGCAAAGGGACTGCGGCGCAAG,TTTGTTCACGCAAAGGGACTGCGGCGCGAG,1
TAGACACGATGAAACTAACTGTTTGGCCAT,TATACACGATGAAACTAACTGTTTGGCCAT,1
GGTTCGGTTTGACTACGTCCTCTGAATCAC,GGTTCGGTTTGACTACGTCCTCTGAATCAC,0
ACTCCCCCCGGCATAGTATTCCCGGCTTCA,ACTCCCCCCGGCATAGTATTCCCGGCTCCA,1
TAGCGGTCCTAAACAATCAAGATGGCGGCG,TAGCGGTCCTAAACAATCAAGATCGCGGCG,1
AAGGGATTTCCAAGGATGATCCATATCGTG,AAGGGATTTCCAAGGATGATCCATATCGTG,0
AGTCCCTGATGTTAACAATATGTTTTGAGT,AGTCCCTGATGTTAACAATATGTTTTGAGT,0
CCTGTGAAACTTCTTTTTAGTCGAGAGAAG,CCTGTCGAACTTCTTTTTAGTCGAGAGAAG,1
CGTTTTGCGCCTTGATTCACTGGGGGCGTG,CGTTTTGCGCCTTGATTCACTGGGGGCGTG,0
TTTACGAGACGCCGTGAAGCGGCTATCGCT,TTTACGAGACGCCGTGAGGCGGCTATCGCT,1
GTCATACGGGCCACCGACCGCACGACACCC,GTCATACGGGCCACCGACCGCACGACACCC,0
TGAATTATTCTTAGCAATATGTAGGGATTC,TGAATAATTCTTAGCAATATGTAGGGATTC,1
AACTAGTATTCTCAGCGGCGTGATTTTCAG,AACTAGTATTCTCAGCGGCGTGATTTTCAG,0
AGAGGACGTATGTGTAACGTGGCGTCGTCT,AGAGGACGTATGTGTAACGTGGCGTCGTCT,0
ACCCCTGCAGATGAGCGAATAGCAGGCAGC,ACCCCTGCAAATGAGCGAATAGCAGGGAGC,1
ACCCTGCGCGGAATCATCGTCAGGAAAATG,ACCCTGCGCGGAATCATCGTCAGGAAAATG,0
ACCTTATCCTTTGTCCATTCAGGTAGGCAG,ACCTTACCCTTTGTCGATTCAGGTAGGCAG,1
TACGTTGGGCCAGCTCACGATGCCGTCACT,TACGTTGGGCCGGCGCACGATGCCGTCACT,1
CGTTCTTCCTAGATATATACATACAGACCA,CGTTCTTCCTAGATATATACATACAGACCA,0
CTATTTATACCGGAAGACTGCAAAGGTCCT,CTATATATGCCGGAAGACTGCAAAGGTCCT,1
TTTAATCAGGGAATGTTATCTAGGGCGATA,TTTAATCAGGGAATGTTATCTAGGGCGATT,1
TTACACACAGCAGTTTCGCAGTAGATACAC,TTACACACAGCAGTTTTGCAGTAGATACAC,1
TTTGCGATGATGATGACCCTCCTAGGGATA,TTTGCGATCATGATGACCCTCCTAGGGATA,1
AGGCTAGGCAGTTAGGTATAAACTATCCTC,AGGCTCGGCAGTTAAGTATAAACTATCCTC,1
ATAGTTCAAGATATACACCGTCTGCTCCTC,ATAGTTCAAGATATACACCGTCTGCTCCTC,0
TAGGTACCAGCGTGCCGACGCTGCCGCACT,TAGGTACCAGCGTGCCGACGCTGCCGCACT,0
GCCACACCGAGCTCCGATGACTCGATCGGC,GCCAGGCCGAGCTCCGATGACTCGATCGGC,1
TCCATCATAGGTTCAACGGCAGGTGACACC,TCCATCATAGGTTCAACGGGAGGTGACACC,1
TTATCATTTGCAACAGATTGCGCATACGTG,TTATCATTTGCAGCAGATTGCGCATACGTG,1
ACCGGGAAGGTTGGTACGACGTAAAATCAG,ACCGGGAAGCTGGGTACGACGTAAAATCAG,1
CTAGACCTTGCCCCACACCTCACTGACTGA,CTAGACCTTGCCCCACACCTCGCTGACTGA,1
GCGCTTGTCAAGTCGAGGTTATTCTTCCTG,GCGCTTGTCAAGTCGAGGTTATTCTTCCTG,0
ATCCCTTGCTCGGTAAAATCATAATGAGTT,ATCCTTTGCTCGGTAAAATAATAATGAGTT,1
CAAAAATCCCATGCAACTCAGTGGGGTTCC,CAAAAATCCCATGCAACTCAGTGGGGTTCC,0
TTCGATATGCGCGACGTTCGGTTGTGTTTC,TTCGATATGCGCGACGTTCGGTTGTGTTTC,0
ACCCAGCGTCGACCTTTCAGGGGTATGTTC,ACCCTGCGTCGATCTTTCAGGGGTATGTTC,1
TTTGTGGAATGAAGTCTTCCAGATCTCAAA,TTCGTGGAATGAAGTCTTCCAGATCTCAAA,1
CACGTCACGTCTGATAACAGGATTCACGGG,CAGGTCACGTCTGATAACAGGATTCGCGGG,1
GGGCTGGTATGTAACGAACGTTGTCGTTGA,GGGCTGGTATGTAACGAACGTTGTCGTTGA,0
AGGCTCATAACACCTAAACACTGGAAGCGG,AGGCTCATAACAACTAAACACTGGAAGCGA,1
CGGGCAAGCTTGGCCTTGTCTAAGAAGCGA,CGGGCAAGCTTGTCCTTGTCTAAGAAGCGA,1
AGCTGAAATTAATATCGGCTCAAGCAAAGA,AGCTGAAATTAATATCGGCTCAAGCAAAGA,0
TCGCTGACGCCCAAGCTCACCCCTGCTGGC,TCGCTGACGCCCAAGCTCACCCCTGCTGGC,0
TTTAACTCCTGGTACATGGATGGGTCCGGG,TTTAACTCCTGGTACACGGATGGGTCCGGG,1
GAATATCCGGCCCTTTATTGCATTTCCCAC,GAATATCCGGCCCATTATTGCATTTCCCAC,1
GGAGGAATGCTAAGGATGCTACAAAGTGTG,GGGGGTATGCTAAGGATGCTACAAAGTGTG,1
CGTCCACAACCCCGGGGGCATATTTTTGCT,CGTCCACAACCCCGGGGGCATATTTTTGCT,0
GGATATGAAGAAGGAGTTAGTCCGGGAACA,GGATATGAAGAAGGAGTTAGTCCGGGAACA,0
GTTCAAAAGGGCAGCAGCGAGGAGAGAGGA,GGTCAAAAGGGCAGCAGCGAGGAGAGATGA,1
GCAGTCGGACACCTGAGGTGCACATCATAT,GCAGTCGGACACCTGAGGTGCACATCATAT,0
TGTCTATGGCTGTCCACGAATAGACCATGT,TGTCTATGGCTGTCCACGAATAGACCATGT,0
AAGTGATTCTAACATGCTTCGTGCCTTCTT,AAGTGATTCTAACATGCTTCGTGCCTTCTT,0
AATCACCACGTGAACGTTTAAAGATTGAGG,AATCACCGCGAGAACGTTTAAAGATTGAGG,1
GCGCTGACGCCATGCGCTGCGAAGAGGCGC,GCGCTGACGCCATGCGGTGCGAAGAGGCGC,1
TGTAGGCGAAGTCGTCCGGCGTTCAGACGC,TGTAGGCGAAGTCGTCCGGCGTTCAGACGC,0
TGAGGTAATCGTGCGGCGATACAGGCGTTG,TGAGGTAATCTTGCGGCGATACATGCGTTG,1
AGTATACCATTGCGGAAATTAGTCCATCGT,AGTATACCATTGCGGCAATTAGTCCATCGT,1
AGCCGTCTGTTGCTGATCCCTACGTCAAGG,AGCCGTCTGTTGCTGATCCCTACGTCAAGG,0
CCGTTCTCGCGAAAGCGTGTGAGTCGACCT,CCGTTCTCGCGAAAGCGTGTGAGTCGACCT,0
GTCGTTCGCAACCTTTGCACTACCGCGCCC,GTCGTTCGCAACCTTTGCACTACCGCGCCC,0
ATCTCTGCCACCACTTCACCATGCAGGCCA,ATCTCTGCCACCACTCCTCCATGCAGGCCA,1
CTTCATTTATTTGCGCATTGGTACAACCAG,CTTCATTTATTTGCGCATTGGTACAGCCAG,1